{
	"folders": {},
	"connections": {
		"oracle_thin-194edb7f507-7355acc9c4170786": {
			"provider": "oracle",
			"driver": "oracle_thin",
			"name": "system",
			"save-password": true,
			"configuration": {
				"host": "localhost",
				"port": "1521",
				"database": "system",
				"url": "jdbc:oracle:thin:@//localhost:1521/system",
				"configurationType": "MANUAL",
				"home": "E:\\app\\hu-04\\product\\11.2.0\\dbhome_1",
				"type": "dev",
				"closeIdleConnection": true,
				"properties": {
					"useFetchSizeWithLongColumn": "true",
					"loginTimeout": "20",
					"oracle.jdbc.jsonDefaultGetObjectType": "java.lang.String",
					"oracle.jdbc.fanEnabled": "false"
				},
				"provider-properties": {
					"@dbeaver-connection-type@": "BASIC",
					"show-only-one-schema@": "false",
					"@dbeaver-check-schema-content@": "false",
					"@dbeaver-always-show-dba@": "false",
					"@dbeaver-always-use-dba-views@": "false",
					"@dbeaver-meta-use-sys-schema@": "false",
					"@dbeaver-meta-use-simple-constraints@": "false",
					"@dbeaver-use-rule-hint@": "false",
					"@dbeaver-use-meta-optimizer@": "true",
					"@dbeaver-meta-use-alternative-table-query@": "false",
					"oracle.meta-search-in-synonyms": "false",
					"oracle.show-date-as-date": "false",
					"@dbeaver-sid-service@": "SERVICE"
				},
				"auth-model": "oracle_native"
			}
		},
		"oracle_thin-194edb971f9-78aa87b9f61cc89d": {
			"provider": "oracle",
			"driver": "oracle_thin",
			"name": "SYSTEM",
			"save-password": true,
			"configuration": {
				"host": "localhost",
				"port": "1521",
				"database": "SYSTEM",
				"url": "jdbc:oracle:thin:@//localhost:1521/SYSTEM",
				"configurationType": "MANUAL",
				"home": "E:\\app\\hu-04\\product\\11.2.0\\dbhome_1",
				"type": "dev",
				"closeIdleConnection": true,
				"provider-properties": {
					"@dbeaver-connection-type@": "BASIC",
					"@dbeaver-sid-service@": "SERVICE"
				},
				"auth-model": "oracle_native"
			}
		}
	},
	"connection-types": {
		"dev": {
			"name": "Development",
			"color": "255,255,255",
			"description": "Regular development database",
			"auto-commit": true,
			"confirm-execute": false,
			"confirm-data-change": false,
			"smart-commit": false,
			"smart-commit-recover": true,
			"auto-close-transactions": true,
			"close-transactions-period": 1800,
			"auto-close-connections": true,
			"close-connections-period": 14400
		}
	}
}